{"cameraMode":{"drawMode":0,"name":"Shaded","section":"Shading Mode"},"sceneLighting":true,"audioPlay":false,"sceneViewState":{"showFog":true,"showMaterialUpdate":false,"showSkybox":true,"showFlares":true,"showImageEffects":true,"showParticleSystems":true},"in2DMode":false,"pivot":{"x":3.7611238956451418,"y":-56.398040771484378,"z":122.02511596679688},"rotation":{"x":0.2295929491519928,"y":0.002944370498880744,"z":0.0004815305001102388,"w":0.9734271764755249},"size":142.257568359375,"orthographic":false}