{"cameraMode":{"drawMode":0,"name":"Shaded","section":"Shading Mode"},"sceneLighting":true,"audioPlay":false,"sceneViewState":{"showFog":true,"showMaterialUpdate":false,"showSkybox":true,"showFlares":true,"showImageEffects":true,"showParticleSystems":true},"in2DMode":false,"pivot":{"x":3.9778380393981935,"y":-39.49949645996094,"z":112.8639144897461},"rotation":{"x":0.17819619178771974,"y":0.005867482163012028,"z":0.00010128955182153732,"w":0.9841206073760986},"size":131.5965576171875,"orthographic":false}